{"number_episodes": 10, "episode_rewards": [908.8999999999817, 904.1999999999791, 903.8999999999888, 913.699999999983, 933.5999999999945, 914.1999999999872, 905.8999999999796, 915.6999999999921, 911.699999999984, 908.9999999999872], "mean_all_episodes": 912.0799999999857}