{"initial_reset_timestamp": 1610718944.965266, "timestamps": [1610718991.651359], "episode_lengths": [826], "episode_rewards": [917.3999999999935], "episode_types": ["t"]}